relation_id,actor_a_id,actor_b_id,target_actor_id,relation_type,direction,spatial_scope,place_scope_id,valid_from,valid_to,time_precision,knowledge_state,confidence,command_scope,continuity_review_status,continuity_review_scope,relation_note,caveat
AR001,A14,A71,,subordinate,a_to_b,localized,P43,,,undated,incomplete,medium,unverified,insufficient,S107本文の関係記述と1560年前後の年次を確認したが成立年と最終確認年は不明,隠岐氏と尼子氏の被官関係を自治体報告書が概説,成立・終了年および1560年の有効性と軍役・指揮は未確認
AR002,A11,A72,,nominal_authority,a_to_b,localized,R10,1514,1514,year_event,incomplete,medium,unverified,insufficient,S108本文の1514年認定と後年の独立記述を確認したが光広から季広への関係資料を未取得,安東氏が蠣崎光広の代官の地位を認めたと自治体解説が記す,1514年の認定事実だけを記録。季広A29への継承と1560年の動員権は未確認
AR003,A30,A23,,hostile,mutual,localized,T09,1558,1562,approx_span,incomplete,medium,not_applicable,not_reviewed,,肝付氏が豊州家保持の志布志城を反復攻撃した,個別交戦日と各年の占有範囲は未確認。反復攻撃を期間中の連続戦闘としない
AR004,A30,A20,,hostile,mutual,localized,R14,1536,1536,year_event,incomplete,medium,not_applicable,not_reviewed,,豊州家は貴久側と対立する陣営で志布志城の新納氏を攻撃した,1536年の陣営関係。1560年の敵対継続や豊州家の従属先を示さない
AR005,A65,A52,,hostile,mutual,localized,R19,1560-05,1560-05,month_event,incomplete,medium,not_applicable,not_reviewed,,北条氏康勢が里見氏拠点の上総久留里城を攻撃した,攻撃は上総。安房を主戦場にしない。月の暦法と守備軍の個別行動は未確認
AR006,A52,A13,,alliance,mutual,unspecified,,1560,,year_start_only,incomplete,medium,unverified,not_reviewed,,里見氏が長尾景虎勢へ出陣を要請し房越同盟成立と自治体解説が評価,同盟の終期と1560年の里見軍への景虎勢の直接指揮は未確認。同盟の空間的適用範囲（房総限定か関東全般か両勢力全域か）は史料未精査のため未確定
AR007,A52,A53,A13,intermediary,a_to_b,localized,P18,1560-05,1560-05,month_event,incomplete,medium,unverified,not_reviewed,,里見義堯が正木時茂を通して越後勢へ出陣を要請した,仲介の事実は正木軍への里見氏の命令権・動員権を証明しない
AR008,A02,A03,,subordinate,a_to_b,localized,R03,,1560-05,month_event,known,medium,unverified,insufficient,S24およびS115（義元戦死後の岡崎城入城と氏真期離反の過渡期記述）,今川義元に対する松平元康の服属関係。岡崎城に今川氏城代が置かれ元康は大高城兵糧入れ等に従軍,1560年5月19日桶狭間合戦までの義元存命下での服属確認。義元戦死・岡崎城代撤退・7月制札発給・氏真からの離反（1560年後半〜1561年）・織田との和睦（1561〜1562年）はそれぞれ別個の出来事。義元戦死のみで今川家との従属終了日を自動確定しない。年後半は過渡期であり関係推移は未確定
AR009,A01,A02,,hostile,mutual,localized,R02,,1560-05,month_event,known,medium,not_applicable,not_reviewed,,尾張領国化を進める織田信長と尾張侵攻を図る今川義元との相互敵対・交戦関係,1560年5月19日の桶狭間合戦での交戦事実に基づく。義元戦死後の今川氏真との外交関係推移は未調査のため年後半の敵対状態を自動延長しない
AR010,A07,A08,,hostile,mutual,localized,R23,1560-08,1560-08,month_event,known,medium,not_applicable,insufficient,S111（長浜市年表・永禄3年8月中旬野良田表交戦）およびS25。原史料『江濃記』本文は未照合,六角義賢勢への従属下（賢政期）からの離反・自立に伴い近江野良田表で武力衝突し相互交戦・敵対状態となった,永禄3年8月中旬の野良田合戦での交戦事実および浅井氏自立の叙述に基づく。合戦前の六角氏への従属および離反に至る政治過程の詳細（起請文や手切状の年月日）や戦後の江北・江南境界推移は未確定
AR011,A15,A14,,hostile,mutual,localized,P42,1560-04-04,1560-04-04,exact_date,known,medium,not_applicable,insufficient,S02（新修島根県史年表・1560年4月4日幕府合戦停止命令）。年後半の交戦継続と停戦の実効性は未検証,毛利元就・隆元勢と尼子晴久・義久勢が石見国の覇権をめぐり相互交戦・敵対状態にあった（室町幕府による合戦停止命令の観測対象）,1560年4月4日は将軍足利義輝による合戦停止命令が下された観測日であり敵対関係自体の開始日や講和による終了日ではない。敵対自体はこれ以前より継続していたが公式な手切日および和睦・終期の正確な日時は未確定
AR012,A13,A36,,hostile,mutual,localized,R21,1560,1560,year_event,incomplete,medium,not_applicable,insufficient,S45（富山市解説・1560年富山城攻撃と増山城退去）。神保氏のその後の抵抗・降伏過程は未検証,越中富山城攻撃および神保長職の増山城退去の軍事的衝突を確認。軍事行動の背景にある越後勢と神保氏の外交的敵対・抗争関係（椎名氏支援や能登畠山氏との連絡等）の公式な合意・手切文書は未取得,S45が直接示すのは1560年の富山城攻撃と退去（軍事行動）であり外交上の宣戦・手切や包括的敵対合意の文書ではない。軍事衝突事実から直ちに持続的な外交的敵対関係を断定せず越中における同盟・敵対構造（椎名氏・能登畠山氏等）は調査中・未確定として保持
AR013,A69,A65,,hostile,a_to_b,localized,P16,1560,1560,year_event,known,medium,not_applicable,insufficient,S89（さいたま市立博物館解説・永禄3年太田資正の後北条氏離反）。松山城奪還時期の幅（1560～1561）と武蔵全域への影響は未検証,岩付城主の太田資正勢が長尾景虎らの越山・後北条氏討伐に呼応し後北条氏から離反した,1560年（永禄3年）の離反事実に基づく。松山城奪還の正確な時期や武蔵国他領主への波及範囲は未確定
AR014,A69,A13,,alliance,mutual,unspecified,,1560,,year_start_only,incomplete,medium,unverified,insufficient,S89（さいたま市立博物館解説・太田資正の景虎呼応）。正式な同盟条約・起請文原本は未照合,太田資正勢が長尾景虎勢の関東侵攻・後北条氏討伐に呼応した事実を確認。正式な同盟盟約・起請文の締結状況は未確定,1560年の軍事呼応事実に基づく。正式な同盟条約の締結・終期および太田軍に対する景虎の直接指揮権の有無は未確認のため確定同盟としては保留
AR015,A58,A59,,peace_treaty,mutual,localized,P47,1559,1559,year_event,known,medium,not_applicable,insufficient,S61（岡山県教育委員会資料・永禄2年三村氏と庄為資の和睦）。1560年の和睦継続状況および1561年松山城入城への推移は未検証,三村家親勢が庄為資勢を攻撃した末に和睦が成立し三村氏が猿掛城へ入った,1559年（永禄2年）の和睦成立事実に基づく。1560年における和睦関係の継続性およびその後の毛利氏支援による庄高資攻撃（1561年）への推移は未確定
AR016,A67,A47,,hostile,mutual,localized,P58,1559,1559,year_event,incomplete,medium,not_applicable,insufficient,S76（久留米市解説・1559年筑前侍嶋合戦での交戦）。単発交戦後の外交推移は未検証,大友義鎮勢が筑前侍嶋において筑紫惟門勢と武力衝突した事実を確認。単発交戦から持続的外交関係（包括的敵対・従属等）の確定は保留,1559年の侍嶋合戦での交戦事実に基づく。単発の武力衝突から持続的な外交的敵対関係への認定は保留とし1560年の交戦継続・講和の有無は未検証
