relation_id,source_id,locator,evidence_role
AR001,S107,本文5頁・国府尾城跡の歴史的環境（被官関係の通史説明）,scholarly_evaluation
AR002,S108,1514年の蠣崎光広の段落（代官認定の記述）,scholarly_evaluation
AR003,S32,肝付氏の攻撃の節（反復攻撃と城保持の記述）,scholarly_evaluation
AR004,S109,志布志城1536の節（1536年の対立陣営の記述）,scholarly_evaluation
AR005,S68,房越同盟の段落（1560年5月の久留里城攻撃）,scholarly_evaluation
AR006,S110,房越同盟の段落（出陣要請と同盟成立の記述）,scholarly_evaluation
AR007,S110,房越同盟の段落（正木時茂の仲介の記述）,scholarly_evaluation
AR008,S24,PDF34頁・印刷46頁（桶狭間前の岡崎城代派遣と元康服属）,scholarly_evaluation
AR008,S115,『松平記』『岩淵夜話別集』展示解説（大高城退却・岡崎入城と氏真離反の経緯）,scholarly_evaluation
AR008,S23,解説本文（永禄3年7月9日付法蔵寺制札発給による権限行使）,scholarly_evaluation
AR009,S24,PDF34頁・印刷46頁（桶狭間合戦での織田・今川交戦）,scholarly_evaluation
AR009,S86,10代義元・11代氏真の節（義元戦死と氏真継承）,scholarly_evaluation
AR010,S111,33-34頁・表6（永禄3年8月中旬野良田表交戦）,scholarly_evaluation
AR010,S25,小谷城跡・野良田合戦の節（野良田合戦での浅井・六角交戦）,scholarly_evaluation
AR011,S02,55頁・1560年4月4日（石見合戦停止命令）,scholarly_evaluation
AR012,S45,戦国時代編2（1560年富山城攻撃と神保長職の増山城退去）,scholarly_evaluation
AR013,S89,太田資正と永禄3年の段落（後北条氏からの離反記述）,scholarly_evaluation
AR014,S89,太田資正と永禄3年の段落（長尾景虎への呼応記述）,scholarly_evaluation
AR015,S61,PDF3頁・永禄2年の項（三村家親と庄為資の和睦記述）,scholarly_evaluation
AR016,S76,大友義鎮感状の段落（1559年侍嶋での筑紫惟門勢との交戦）,scholarly_evaluation
AR017,S116,善得寺跡解説（天文23年甲相駿三国同盟伝承地と婚姻成立）,scholarly_evaluation
AR018,S116,善得寺跡解説（武田晴信と北条氏康の同盟）,scholarly_evaluation
AR019,S116,善得寺跡解説（北条氏康と今川氏真の同盟）,scholarly_evaluation
AR020,S117,川中島の戦い解説（1553〜1564年川中島対陣・武田と長尾の抗争）,scholarly_evaluation
AR021,S118,多聞城の歴史（松永久秀の大和侵攻と三好長慶被官関係）,scholarly_evaluation
AR022,S118,多聞城の歴史（松永久秀と筒井順慶の大和支配抗争）,scholarly_evaluation
AR023,S02,55頁・1560年の項（畿内・丹波抗争の記述）,scholarly_evaluation
AR024,S61,PDF3頁・永禄年間の項（備前における浦上氏と松田氏の対立）,scholarly_evaluation
AR025,S12,土佐の七雄の各項（長宗我部氏と本山氏の抗争・長浜合戦）,scholarly_evaluation
AR026,S120,伊東氏と島津氏の飫肥争奪（1560年将軍義輝調停決裂と敵対継続）,scholarly_evaluation
AR027,S119,斎藤義龍の節（1556〜1561年の織田信長との敵対・美濃防衛）,scholarly_evaluation


