year,place_id,research_stage,knowledge_state,knowledge_reason,note
1560,P01,evidence_reviewed,incomplete,将軍足利義輝・三好長慶・松永久秀の政治交渉を確認したが1560年時点の条約・同盟・従属関係は未確定,S71。公儀権威と大名・城主の外交関係を区別
1560,P02,not_researched,unknown,松永久秀の多聞城築城伝承E045のみ確認。大和国衆・筒井氏との外交・従属関係は未精査,奈良町・信貴山・筒井・南大和の外交関係
1560,P03,not_researched,unknown,三好長慶の飯盛城入城E054のみ確認。畠山高政・安見宗房との公式な外交・講和関係は未精査,飯盛城・高屋城・河内国衆関係
1560,P04,not_researched,unknown,1561年岸和田城包囲E056のみ確認。1560年の和泉国衆と三好氏の外交・従属関係は未精査,岸和田・堺・和泉国衆
1560,P05,not_researched,unknown,芥川山城の家督継承のみ確認。摂津国衆と三好氏の外交関係は未精査,芥川山城・兵庫津・摂津国衆
1560,P06,not_researched,unknown,伊賀惣国一揆および周辺勢力との外交・従属関係は未調査,伊賀衆・惣国一揆の成立年代と隣国関係
1560,P07,not_researched,unknown,北畠氏・神戸氏・長野氏等の勢力間関係は未調査,南伊勢の北畠具教と北伊勢諸氏の関係
1560,P08,not_researched,unknown,九鬼氏および志摩海賊衆と伊勢・尾張勢力との関係は未調査,鳥羽・答志島・志摩国衆
1560,P09,evidence_reviewed,documented,AR009（織田信長勢⇔今川義元勢の相互敵対・桶狭間合戦）を記録。尾張全体の網羅ではない,E001・E002・S02・S24。水野諸家等の従属関係は未確定
1560,P10,evidence_reviewed,documented,AR008（今川義元勢→松平元康勢の従属・過渡期）を記録。三河全体の網羅ではない,E005・E006・E059・S24・S115・S23。義元戦死後の離反推移は未確定
1560,P11,not_researched,unknown,今川氏と遠江国衆（井伊・飯尾等）の従属・動向は未調査,掛川・引馬・二俣・井伊谷
1560,P12,not_researched,unknown,義元戦死と氏真継承のみ確認。甲相駿三国同盟の確認文書や家臣団の離反状況は未精査,駿府・興国寺城・今川家臣団関係
1560,P13,not_researched,unknown,武田氏館跡E004のみ確認。甲相駿三国同盟や信濃国衆従属関係の外交史料は未精査,武田晴信勢A26・三国同盟
1560,P14,not_researched,unknown,後北条氏支配下の伊豆国衆・水軍関係は未調査,韮山城・東伊豆・伊豆水軍
1560,P15,not_researched,unknown,1560年家督譲渡のみ確認。北条氏康・氏政の三国同盟および関東諸氏との外交条約は未精査,小田原・北条氏康勢A65・氏政勢A34
1560,P16,evidence_reviewed,documented,AR013（太田資正→北条氏康の離反）AR014（太田資正⇔長尾景虎の同盟呼応）を記録。武蔵全体の網羅ではない,E055・S89。太田資正勢A69
1560,P17,evidence_reviewed,documented,AR006（里見氏勢⇔長尾景虎勢の房越同盟）の本拠地域として記録。安房全体の網羅ではない,S68・S110。里見氏勢A52
1560,P18,evidence_reviewed,documented,AR005（北条氏康勢⇔里見氏勢の敵対）AR007（里見義堯→正木時茂の取次）を記録。上総全体の網羅ではない,E052・S68・S110。真里谷武田氏等の動向は未調査
1560,P19,not_researched,unknown,正木氏香取侵攻E041・E051のみ確認。千葉氏と後北条氏等の公式な従属・同盟関係は未精査,千葉胤富勢A51・正木氏・香取
1560,P20,not_researched,unknown,佐竹氏・小田氏・江戸氏等の勢力間同盟・敵対関係は未調査,常陸太田・水戸・小田城
1560,P21,evidence_reviewed,documented,AR010（六角義賢勢⇔浅井長政勢の離反・野良田合戦による相互敵対）を記録。近江全体の網羅ではない,E057・S111・S25。合戦前の従属関係や戦後の勢力境界推移は未確定
1560,P22,not_researched,unknown,1561年斎藤義龍死去E031のみ確認。織田・六角等との外交関係推移は未精査,斎藤義龍勢A38・美濃国衆
1560,P23,not_researched,unknown,江馬氏・三木氏等の国衆関係および武田氏等の干渉は未調査,高原郷・飛騨国内関係
1560,P24,not_researched,unknown,海津城築城伝承E042のみ確認。長尾氏との敵対や信濃国衆従属関係の外交史料は未精査,川中島・信濃国衆
1560,P25,evidence_reviewed,incomplete,北条氏政の人質命令E027と長野業政の越後方参陣伝達E028を確認したが正式な従属・同盟関係行の登録は保留,S44。箕輪城長野氏・関東幕府方
1560,P26,not_researched,unknown,宇都宮氏・佐野氏・小山氏等の同盟・従属関係は未調査,佐野昌綱勢A66。下野国衆関係
1560,P27,not_researched,unknown,天文の乱E025・向羽黒山城E026のみ確認。1560年の伊達・蘆名等の外交関係は未精査,伊達晴宗勢A32・蘆名盛氏勢A33
1560,P28,not_researched,unknown,最上氏・大宝寺氏・寒河江氏等の勢力間関係は未調査,最上義守勢A48・寒河江氏A49・武藤氏A50
1560,P29,not_researched,unknown,若狭武田氏の内紛および丹波牢人衆等の越境関係は未調査,小浜・後瀬山城・武田義統
1560,P30,not_researched,unknown,朝倉氏と本願寺・国衆等の外交関係は未調査,一乗谷・朝倉義景勢A54・堀江氏A55
1560,P31,not_researched,unknown,加賀一向一揆と朝倉氏・能登畠山氏との関係は未調査,金沢御堂・加賀一揆
1560,P32,not_researched,unknown,能登畠山氏と重臣（温井・遊佐等）の内紛・外交関係は未調査,七尾城・畠山義綱
1560,P33,evidence_reviewed,documented,AR012（長尾景虎勢⇔神保長職勢の富山城攻防・軍事衝突から派生した未確定関係）を記録。越中全体の網羅ではない,E029・E030・S45。神保長職勢A36・椎名氏勢A37
1560,P34,not_researched,unknown,長尾景虎と越後国衆の主従関係および関東出兵時の同盟網は精査中（AR006で一部言及）,春日山城・長尾景虎勢A13
1560,P35,not_researched,unknown,本間諸家（羽茂・河原田等）の相互関係および本土勢力との関係は未調査,河原田本間氏A27・羽茂本間氏A28
1560,P36,not_researched,unknown,波多野氏・内藤氏（松永長頼）の抗争関係は未精査,八木城・八上城
1560,P37,not_researched,unknown,一色氏と周辺諸勢力の外交・従属関係は未調査,丹後守護一色氏・宮津
1560,P38,not_researched,unknown,山名氏・太田垣氏等の関係は未調査,竹田城・出石城
1560,P39,not_researched,unknown,因幡山名氏と武田高信等の抗争・従属関係は未調査,布施天神山城・鳥取城
1560,P40,not_researched,unknown,山名氏・南条氏・日野衆等の帰属関係は未調査,伯耆国衆・羽衣石城
1560,P41,not_researched,unknown,尼子氏本国における国衆統制および毛利氏との敵対はP42石見で記録（出雲国内の外交関係は未精査）,月山富田城・尼子晴久勢A14
1560,P42,evidence_reviewed,documented,AR011（毛利元就・隆元勢⇔尼子晴久・義久勢の相互敵対・合戦停止命令観測）を記録。石見全体の網羅ではない,E003・S02。石見銀山争奪・山陰覇権
1560,P43,evidence_reviewed,documented,AR001（尼子晴久・義久勢→隠岐氏勢の被官・従属）を記録。隠岐全体の網羅ではない,S107。隠岐氏勢A71・尼子氏勢A14
1560,P44,not_researched,unknown,赤松氏・別所氏・小寺氏等の勢力間関係は未調査,置塩城・三木城・御着城
1560,P45,not_researched,unknown,尼子氏・毛利氏と美作国衆（江見氏等）の帰属関係は未調査,津山盆地・美作国衆
1560,P46,not_researched,unknown,浦上氏・松田氏・宇喜多氏の勢力間関係は未調査,三石城・金川城
1560,P47,evidence_reviewed,documented,AR015（三村家親勢⇔庄為資勢の1559年和睦）を記録。備中全体の網羅ではない,E046・S61。1560年の和睦継続状況は未確定
1560,P48,not_researched,unknown,毛利氏と備後国衆（和智・山内等）の従属関係は未調査,三次盆地・備後国衆
1560,P49,not_researched,unknown,毛利氏の本国統制および周辺国衆との従属関係は未精査,吉田郡山城・毛利元就勢A15
1560,P50,not_researched,unknown,大内氏滅亡後の毛利氏による周防国衆掌握過程は未調査,山口・防長平定後の推移
1560,P51,not_researched,unknown,毛利氏による長門国衆掌握過程および九州連絡は未調査,下関・長門府中
1560,P52,not_researched,unknown,根来寺・雑賀衆・湯川氏等の自律勢力関係は未調査,紀州惣国・寺社権力
1560,P53,not_researched,unknown,安宅氏（三好一族）と淡路水軍の指揮・従属関係は未調査,洲本城・由良水軍
1560,P54,not_researched,unknown,三好義賢（実休）と阿波国衆の主従関係は未調査,勝瑞城・三好義賢勢A60
1560,P55,not_researched,unknown,十河一存・安富氏・香川氏等の勢力間関係は未調査,十河城・天霧城
1560,P56,not_researched,unknown,河野氏・西園寺氏・宇都宮氏・村上水軍の同盟・敵対関係は未調査,能島村上氏A43・来島村上氏A44・河野氏A45
1560,P57,not_researched,unknown,長宗我部氏・本山氏・一条氏・安芸氏の抗争・従属関係は未調査,長宗我部国親・元親・土佐七雄
1560,P58,evidence_reviewed,documented,AR016（大友義鎮勢⇔筑紫氏勢の侍嶋合戦・相互敵対）を記録。筑前全体の網羅ではない,E053・S76。1560年の敵対継続は未確定
1560,P59,not_researched,unknown,蒲池氏・小河氏・大友氏等の従属・抗争関係は未調査,筑後国衆・柳川
1560,P60,not_researched,unknown,大友氏と毛利氏の門司をめぐる抗争および豊前国衆の帰属は未調査,門司城・豊前国衆
1560,P61,not_researched,unknown,大友義鎮の本国統制および一門・重臣関係は未調査,府内・臼杵
1560,P62,evidence_reviewed,incomplete,龍造寺隆信による勝尾城攻撃計画と毛利相談・大友軍動向E036を確認したが大友・龍造寺の正式な外交関係行は未確定,S51・S52。龍造寺隆信勢A46
1560,P63,not_researched,unknown,相良氏・阿蘇氏・菊池遺領の国衆関係は未調査,相良頼房勢A62・阿蘇氏勢A64
1560,P64,not_researched,unknown,志布志周辺の抗争（AR003・AR004）はP65で記録。日向国内の伊東氏・島津氏等の関係は未精査,飫肥・佐土原・日向伊東氏A25
1560,P65,evidence_reviewed,documented,AR003（豊州家島津氏勢⇔肝付氏勢の志布志城をめぐる敵対）AR004（豊州家⇔貴久方新納氏の敵対）を記録。大隅全体の網羅ではない,E014・E015・E016・S32・S109。豊州家島津氏勢A30・肝付氏勢A23・島津貴久勢A20
1560,P66,not_researched,unknown,島津貴久と薩摩国衆（渋谷・菱刈等）の抗争・従属関係は未精査,鹿児島・出水・伊集院
1560,P67,not_researched,unknown,波多氏・松浦氏等の支配・自律関係は未調査,壱岐勝本・郷ノ浦
1560,P68,not_researched,unknown,宗氏の島内統制および朝鮮・幕府との外交関係は未精査,対馬府中・宗義調
1560,X01,not_researched,unknown,尚寧王代前の琉球王国と島津氏等の外交・貿易関係は未調査,旧国体系外。調査対象として保持
1560,X02,evidence_reviewed,documented,AR002（安東氏勢→蠣崎光広勢の代官認定・名目権威）を記録。蝦夷地全体の網羅ではない,E011・E012・S28・S108。蠣崎氏・安東氏・アイヌ諸集団
