actor_id,actor_group,actor_type,label
A01,織田氏,大名権力,織田信長勢
A02,今川氏,大名権力,今川義元勢
A03,松平氏,国衆,松平元康勢
A04,水野氏,国衆,緒川水野氏
A05,水野氏,国衆,刈谷水野氏
A06,水野氏,国衆,常滑水野氏
A07,六角氏,大名権力,六角義賢勢
A08,浅井氏,大名権力,浅井長政勢
A09,江馬氏,地域領主,江馬氏勢
A10,三木氏,地域領主,三木氏勢
A11,安東氏,地域領主,檜山安東氏勢
A12,安東氏,地域領主,湊安東氏勢
A13,長尾氏,大名権力,長尾景虎勢
A14,尼子氏,大名権力,尼子晴久・義久勢
A15,毛利氏,大名権力,毛利元就・隆元勢
A16,長宗我部氏,地域領主,長宗我部氏勢
A17,本山氏,地域領主,本山氏勢
A18,一条氏,地域領主,土佐一条氏勢
A19,安芸氏,地域領主,土佐安芸氏勢
A20,島津氏,大名権力,島津貴久勢
A21,菱刈氏,地域領主,菱刈氏勢
A22,渋谷氏,地域領主,北薩渋谷氏勢
A23,肝付氏,地域領主,肝付氏勢
A24,伊地知氏,地域領主,伊地知氏勢
A25,伊東氏,地域領主,日向伊東氏勢
A26,武田氏,大名権力,武田晴信勢
A27,本間氏,地域領主候補,河原田本間氏
A28,本間氏,地域領主候補,羽茂本間氏
A29,蠣崎氏,地域領主,蠣崎季広勢
A30,島津氏,一門領主,豊州家島津氏勢
A31,北郷氏,地域領主,北郷氏勢
A32,伊達氏,大名権力候補,伊達晴宗勢
A33,蘆名氏,大名権力候補,蘆名盛氏勢
A34,北条氏,大名権力候補,北条氏政勢
A35,長野氏,国衆候補,長野業政勢
A36,神保氏,地域領主候補,神保長職勢
A37,椎名氏,地域領主候補,椎名氏勢
A38,斎藤氏,大名権力候補,斎藤義龍勢
A39,内藤氏,城主候補,内藤宗勝（松永長頼）勢
A40,波多野氏,地域領主候補,波多野氏勢
A41,浦上氏,地域領主候補,浦上氏勢
A42,松田氏,地域領主候補,松田氏勢
A43,村上氏,海上勢力候補,能島村上氏勢
A44,村上氏,海上勢力候補,来島村上氏勢
A45,河野氏,大名権力候補,河野氏勢
A46,龍造寺氏,地域領主候補,龍造寺隆信勢
A47,筑紫氏,城主候補,筑紫氏勢
