claim_id,evidence_id,role
C003,E005,桶狭間以前の地域支配の叙述
C004,E001,年内転換の契機
C004,E006,元康の局地的命令権
C008,E008,後年の城郭継続からの遡及候補
C009,E007,合戦後の江北支配の叙述
C029,E004,甲府の館の継続
C030,E010,1560年頃の河原田城下町
C031,E009,前期の羽茂勢力
C032,E011,勝山館の継続利用
C032,E012,蠣崎氏と地域集団の交渉関係
C024,E019,菱刈の旧国所属
C024,E020,史料中の旧国名
C026,E022,本拠の通史記述
C033,E014,志布志城在城
C033,E016,在城期間の別記述
C034,E015,継続的攻撃
C035,E017,蒲生城攻略
C035,E018,岩剣城攻略
C036,E021,1558年交戦
C033,E023,志布志の旧国所属
C034,E023,志布志の旧国所属
C037,E052,1560年5月の久留里城攻撃
C038,E001,旧暦5月19日の織田勢による交戦
C039,E002,旧暦5月19日の今川勢による交戦
C040,E054,1560年の軍事排除と飯盛城入城
C041,E029,1560年の富山城攻撃
C042,E051,1560年の正木氏による香取侵攻
C009,E057,1560年8月中旬の野良田表の交戦
C042,E058,1560年10月の香取侵攻と正木氏主力
C003,E059,桶狭間以前の岡崎城代と拠点保持
C042,E060,永禄3年の正木時忠による香取侵入
