claim_id,year,place_id,actor_id,knowledge_state,influence_status,spatial_note,relation_note,confidence,basis,inference_note,assessment_note,valid_from,valid_to,time_precision,time_note,atlas_status
C003,1560,P10,A02,incomplete,,桶狭間以前の西三河候補。三河全域ではない,桶狭間前後の支配関係の変化は未復元,low,研究上の推定,岡崎市の地域史は桶狭間まで今川氏が西三河を支配したとする。戦後の関与範囲は未確定,旧influence_status=軍事的影響あり。既存の定性的候補記述として保持し、段階値には変換しない,,,unknown,桶狭間以前に限定。転換日と終了日は未確定,withheld
C004,1560,R03,A03,incomplete,,岡崎・法蔵寺周辺。三河全域ではない,今川氏からの自立時点を年内で要分割,low,研究上の推定,永禄3年7月9日の法蔵寺制札から局地の命令権を確認。三河全域の軍事的自立は未証明,旧influence_status=局地の陣取禁止命令権候補。既存の定性的候補記述として保持し、段階値には変換しない,,,event_anchor,旧暦7月9日に命令権の証拠。成立・終了日は未確定,withheld
C005,1560,P09,A04,incomplete,,知多半島の緒川周辺,刈谷・常滑の同族と同一視しない,low,研究上の推定,講座概要は1560年前後を扱うが当年の軍事的自律性は本文未確認,旧influence_status=地域軍事主体候補。既存の定性的候補記述として保持し、段階値には変換しない,,,unknown,年内の有効期間は未確定,withheld
C006,1560,P10,A05,incomplete,,三河の刈谷周辺,緒川・常滑の同族と同一視しない,low,研究上の推定,講座概要は三河尾張境目を扱うが当年の軍事的自律性は本文未確認,旧influence_status=地域軍事主体候補。既存の定性的候補記述として保持し、段階値には変換しない,,,unknown,年内の有効期間は未確定,withheld
C007,1560,P09,A06,incomplete,,知多半島の常滑周辺,緒川・刈谷の同族と同一視しない,low,研究上の推定,講座概要は三河尾張境目を扱うが当年の軍事的自律性は本文未確認,旧influence_status=地域軍事主体候補。既存の定性的候補記述として保持し、段階値には変換しない,,,unknown,年内の有効期間は未確定,withheld
C008,1560,R05,A07,incomplete,,観音寺城周辺,近江全域の統一支配は認めない,medium,研究上の推定,1568年までの城の継続と統一未達の解説から1560年の南部拠点を推定,旧influence_status=近江南部で軍事的影響あり。既存の定性的候補記述として保持し、段階値には変換しない,,,unknown,年内の有効期間は未確定,withheld
C009,1560,R04,A08,incomplete,,江北,六角氏と国単位で併記する,medium,研究上の推定,滋賀県資料は永禄3年野良田合戦後の浅井氏の自立と江北支配を述べる。合戦月日と境界は未確認,旧influence_status=近江北部で軍事的影響あり。既存の定性的候補記述として保持し、段階値には変換しない,,,unknown,野良田合戦後。合戦の月日は未確認,withheld
C010,1560,P23,A09,incomplete,,高原郷周辺,三木氏との境界は未確認,medium,研究上の推定,江馬氏城館の存続期から推定するが1560年の範囲は未確認,旧influence_status=飛騨北部で軍事的影響あり。既存の定性的候補記述として保持し、段階値には変換しない,,,unknown,年内の有効期間は未確定,withheld
C011,1560,P23,A10,incomplete,,飛騨南部候補,江馬氏との境界は未確認,low,研究上の推定,市村史の目次から候補を得たのみで本文未読,旧influence_status=飛騨内で軍事的影響あり。既存の定性的候補記述として保持し、段階値には変換しない,,,unknown,年内の有効期間は未確定,withheld
C012,1560,P28,A11,incomplete,,出羽北部の檜山周辺,湊安東氏とは別主体,medium,研究上の推定,県の解説は両家の別個の発展を述べるが1560年の自律性は未確認,旧influence_status=檜山周辺で軍事的影響あり。既存の定性的候補記述として保持し、段階値には変換しない,,,unknown,年内の有効期間は未確定,withheld
C013,1560,P28,A12,incomplete,,出羽北部の湊周辺,檜山安東氏とは別主体,medium,研究上の推定,県の解説は両家の別個の発展を述べるが1560年の自律性は未確認,旧influence_status=湊周辺で軍事的影響あり。既存の定性的候補記述として保持し、段階値には変換しない,,,unknown,年内の有効期間は未確定,withheld
C014,1560,P34,A13,incomplete,,春日山城を中心とする範囲,越後国内の国衆を統合したとの判定はしない,medium,研究上の推定,守護代就任と16世紀半ばの統一という概説から推定,旧influence_status=越後で軍事的影響あり。既存の定性的候補記述として保持し、段階値には変換しない,,,unknown,年内の有効期間は未確定,withheld
C015,1560,P41,A14,incomplete,,富田城周辺,1560年12月の家督交代あり,medium,研究上の推定,1566年の滅亡と1560年の家督継承記録から推定,旧influence_status=出雲で軍事的影響あり。既存の定性的候補記述として保持し、段階値には変換しない,,,unknown,年内の有効期間は未確定,withheld
C016,1560,P42,A14,incomplete,,石見の係争地,毛利氏との対立が続くが当該命令の直接宛先は毛利氏,medium,研究上の推定,雲芸和睦の文脈から尼子氏の関与を推定,旧influence_status=石見で軍事的影響あり。既存の定性的候補記述として保持し、段階値には変換しない,,,unknown,年内の有効期間は未確定,withheld
C018,1560,P49,A15,incomplete,,佐東郡・賀茂郡ほか,毛利元就・隆元の文書と戦勝祈願あり,medium,研究上の推定,所領寄進と戦勝祈願から安芸での軍事動員可能性を推定,旧influence_status=安芸で軍事動員可能。既存の定性的候補記述として保持し、段階値には変換しない,,,unknown,年内の有効期間は未確定,withheld
C019,1560,P57,A16,incomplete,,岡豊周辺候補,本山氏・土佐一条氏等と併存,low,研究上の推定,県の広い戦国期概説を1560年に絞る史料は未確認,旧influence_status=土佐中部で軍事的影響あり。既存の定性的候補記述として保持し、段階値には変換しない,,,unknown,年内の有効期間は未確定,withheld
C020,1560,P57,A17,incomplete,,本山郷から平野部,長宗我部氏との年内境界は未確認,low,研究上の推定,県の広い戦国期概説を1560年に絞る史料は未確認,旧influence_status=土佐中部で軍事的影響あり。既存の定性的候補記述として保持し、段階値には変換しない,,,unknown,年内の有効期間は未確定,withheld
C021,1560,P57,A18,incomplete,,幡多,他の土佐諸勢力と併存,low,研究上の推定,県の広い戦国期概説を1560年に絞る史料は未確認,旧influence_status=幡多で軍事的影響あり。既存の定性的候補記述として保持し、段階値には変換しない,,,unknown,年内の有効期間は未確定,withheld
C022,1560,P57,A19,incomplete,,安芸周辺候補,土佐の安芸氏であり安芸国とは別,low,研究上の推定,県の広い戦国期概説を1560年に絞る史料は未確認,旧influence_status=土佐東部で軍事的影響あり。既存の定性的候補記述として保持し、段階値には変換しない,,,unknown,年内の有効期間は未確定,withheld
C023,1560,P66,A20,incomplete,,薩摩南部中心の範囲は未確定,北薩諸氏との関係を未確定とする,medium,研究上の推定,1550年時点の県の解説を1560年通年へ直接転用できない,旧influence_status=薩摩の一部で軍事的影響あり。既存の定性的候補記述として保持し、段階値には変換しない,,,unknown,年内の有効期間は未確定,withheld
C024,1560,R16,A21,incomplete,,大隅国菱刈院周辺。境界・当年の軍事活動範囲は未確認,薩摩国の北薩という現代的地理表現を旧国所属と混同しない,low,研究上の推定,旧P66は誤り。菱刈院の大隅国所属を確認したが、1550年概説のみでは1560年の軍事範囲を確定できない,旧influence_status=北薩で軍事的影響あり。既存の定性的候補記述として保持し、段階値には変換しない,,,unknown,年内の有効期間は未確定,withheld
C025,1560,P66,A22,incomplete,,北薩の詳細範囲は未確認,島津氏との関係は未確定,low,研究上の推定,1550年の県の解説から候補化したのみ,旧influence_status=北薩で軍事的影響あり。既存の定性的候補記述として保持し、段階値には変換しない,,,unknown,年内の有効期間は未確定,withheld
C026,1560,R15,A23,incomplete,,高山城周辺の候補。大隅全域には拡張しない,島津氏との関係は未確定,medium,研究上の推定,1550年の県の解説と1574年の降伏記事から推定。高山を本拠とする市史を照合したが、1560年の範囲は未確定,旧influence_status=大隅で軍事的影響あり。既存の定性的候補記述として保持し、段階値には変換しない,,,unknown,年内の有効期間は未確定,withheld
C027,1560,P65,A24,incomplete,,大隅の範囲は未確認,島津氏との関係は未確定,low,研究上の推定,1550年の県の解説から候補化したのみ,旧influence_status=大隅で軍事的影響あり。既存の定性的候補記述として保持し、段階値には変換しない,,,unknown,年内の有効期間は未確定,withheld
C028,1560,P64,A25,incomplete,,日向の範囲は未確認,島津氏との関係は未確定,medium,研究上の推定,1550年の県の解説と1577年の追放記事から推定,旧influence_status=日向で軍事的影響あり。既存の定性的候補記述として保持し、段階値には変換しない,,,unknown,年内の有効期間は未確定,withheld
C029,1560,R01,A26,incomplete,,躑躅ヶ崎館と周辺のみ,国内の国衆・一門の独立性は未調査,medium,研究上の推定,館の1519年築造と三代63年の居館という県解説から1560年の拠点継続を推定。甲斐全域への軍事力投射は別途検証,旧influence_status=甲府の館を継続拠点とする候補。既存の定性的候補記述として保持し、段階値には変換しない,,,unknown,1560年の特定日・統合範囲は未確認,withheld
C030,1560,R06,A27,incomplete,,河原田城周辺のみ,羽茂本間氏との軍事関係は未確定,low,研究上の推定,佐渡市計画の1560年頃の河原田城下町記述に基づく。軍事的自律性と支配境界は未確認,旧influence_status=河原田周辺の拠点保有候補。既存の定性的候補記述として保持し、段階値には変換しない,,,circa_year,1560年頃。正確な開始・終了は不明,withheld
C031,1560,R07,A28,incomplete,,羽茂城と周辺のみ,河原田本間氏との同時点関係は未確定,low,研究上の推定,佐渡市解説は1510～1550年頃の勢力と1589年の落城を記すが1560年の維持を直接示さない,旧influence_status=羽茂城を拠点とする候補。既存の定性的候補記述として保持し、段階値には変換しない,,,unknown,1560年の直接確認なし,withheld
C032,1560,R09,A29,incomplete,,勝山館と上ノ国周辺のみ,和人居住圏全域・アイヌ諸集団への支配を含めない,medium,研究上の推定,発掘調査は館の継続利用を示す。蠣崎氏の城代・交易拠点という町計画から局地的影響を推定,旧influence_status=勝山館の維持と南西部での影響候補。既存の定性的候補記述として保持し、段階値には変換しない,,,unknown,16世紀の考古学的幅から1560年の日付を特定できない,withheld
C033,1560,R14,A30,incomplete,influential,志布志城と周辺。市域全体ではない,肝付氏による継続的な攻撃を受ける。貴久勢との統一指揮は未証明,medium,研究上の推定,豊州家の城保持が1560年を挟む。攻撃下のためdominantとはしない,軍事行動・拠点の証拠に限定した候補。地域面積や統合指揮系統は未確定,,,approx_span,1530年代後半から1562年までの城保持。取得始期に資料差,withheld
C034,1560,R14,A23,incomplete,limited,志布志城への攻撃が届いた範囲。占有域は未確認,豊州家島津氏と敵対,medium,研究上の推定,1558年以降の度重なる攻撃は軍事力投射を示すが、1562年の落城を1560年へ遡及しない,軍事行動・拠点の証拠に限定した候補。地域面積や統合指揮系統は未確定,,,approx_span,1558年以降の攻撃のうち1560年の個別戦闘日は未確認,withheld
C035,1560,R13,A20,incomplete,,蒲生城・岩剣城周辺の候補,在地勢力との従属関係と北郷・豊州家との指揮系統は未確定,low,研究上の推定,1554年岩剣城と1557年蒲生城の攻略から西大隅への進出を確認。1560年の領域・動員範囲は未確認,軍事行動・拠点の証拠に限定した候補。地域面積や統合指揮系統は未確定,,,unknown,1560年の拠点保持を直接示す同時代史料は未照合,withheld
C036,1560,R18,A31,incomplete,,恒吉周辺の候補。軍事行動範囲は未確認,肝付氏と交戦。豊州家との協力記述は別時点,low,研究上の推定,後代編纂史料に1558年の肝付氏との交戦記事がある。1560年の勢力圏には直結しない,軍事行動・拠点の証拠に限定した候補。地域面積や統合指揮系統は未確定,,,unknown,1558年の交戦を1560年へ延長しない,withheld
