claim_id,source_id,locator
C005,S04,2頁・講座316011f
C006,S04,2頁・講座316011f
C007,S04,2頁・講座316011f
C008,S05,六角氏の統一未達と1568年の開城
C009,S06,江北における浅井氏の伸長
C010,S07,江馬氏の飛騨北部における城館
C011,S08,267～271頁の目次
C012,S09,檜山・湊両家の説明
C012,S21,資料内8頁・中世の項
C013,S09,檜山・湊両家の説明
C013,S21,資料内8頁・中世の項
C014,S10,上杉謙信の項
C015,S02,55頁1560年12月24日
C015,S11,尼子氏の出現
C016,S02,55頁1560年4月4日
C018,S02,55頁1560年9月9日・12月7日
C019,S12,長宗我部氏の項
C020,S12,本山氏の項
C021,S12,一条氏の項
C022,S12,土佐の七雄の節
C023,S13,1550年の勢力と1577年の三州統一
C024,S13,1550年の北薩
C025,S13,1550年の北薩
C026,S13,1550年の大隅と1574年の降伏
C027,S13,1550年の大隅
C028,S13,1550年の日向と1577年の追放
C003,S24,第1章・桶狭間までの西三河支配
C004,S23,制札の永禄3年7月9日付・禁止条項
C004,S24,第1章・岡崎帰城と1561年の独立目標
C009,S25,小谷城跡・野良田合戦後の江北支配。検索抄録のみ
C029,S22,武田氏館跡・1519年築造と三代63年の居館
C030,S27,61頁・河原田の1560年頃。検索抄録のみ
C031,S26,羽茂城跡・1510～1550年頃の勢力と1589年の落城
C032,S28,第3章3-16～3-17頁・勝山館の継続利用と城代
C024,S36,菱刈の旧国所属
C024,S37,大隅國菱刈院
C026,S33,PDF15頁・肝付兼続の節
C033,S32,豊州家の在城
C033,S33,PDF12～13頁
C034,S32,1558年以降の攻撃
C035,S34,蒲生城の節
C035,S35,岩剣城跡の節
C036,S38,PDF52頁
C033,S41,PDF34頁・旧国所属
C034,S41,PDF34頁・旧国所属
C037,S68,房越同盟の段落
