evidence_id,date_start,date_end,date_precision,calendar,place_id,actor_id,evidence_type,statement,source_id,locator,review_status,caveat
E001,1560-05-19,1560-05-19,day,japanese_lunisolar,R02,A01,合戦,織田信長勢が桶狭間で今川義元勢と交戦した,S02,55頁・1560年5月19日,本文確認,年表の記載。原史料本文は未照合
E002,1560-05-19,1560-05-19,day,japanese_lunisolar,R02,A02,合戦,今川義元勢が桶狭間で織田信長勢と交戦し義元が討死した,S02,55頁・1560年5月19日,本文確認,年表の記載。原史料本文は未照合
E003,1560-04-04,1560-04-04,day,japanese_lunisolar,P42,A15,軍事命令,毛利氏に石見で尼子氏との合戦停止が命じられた,S02,55頁・1560年4月4日,本文確認,年表の記載。原史料本文は未照合
E004,1519,1581,year_span,,T01,A26,拠点継続,武田氏館は1519年に築かれ武田三代の居館として63年間使われた,S22,武田氏館跡の項,本文確認,終年は1519年から63年間の数えによる概数。1560年の軍事動員範囲は示さない
E005,,1560-05-19,approx_interval,japanese_lunisolar,R03,A02,地域支配の叙述,岡崎市の地域史は桶狭間まで今川氏が西三河を支配したと説明する,S24,第1章・西三河の節,検索抄録のみ,始期は不明。本文未取得
E006,1560-07-09,1560-07-09,day,japanese_lunisolar,T02,A03,制札,松平元康が法蔵寺に陣取の禁止など五か条の制札を発給した,S23,永禄3年7月9日付制札,本文確認,現存史料の自治体解説。三河全域支配は示さない
E007,1560,1560,year,,R04,A08,合戦後の権力変化,滋賀県解説は野良田合戦で浅井長政が六角氏を破り以後江北を支配したとする,S25,小谷城跡・野良田合戦の節,検索抄録のみ,合戦月日・境界および原史料は未確認
E008,1568,1568,year,,T04,A07,拠点継続,滋賀県解説は六角氏の観音寺城が1568年に開城したと記す,S05,六角氏・観音寺城の節,本文確認,1560年時点の城の保持と江南範囲は別途検証
E009,1510,1550,circa_span,,T06,A28,拠点・勢力の叙述,佐渡市は羽茂本間氏が1510年頃から1550年頃に佐渡を二分する勢力を得たと記す,S26,羽茂城跡の項,本文確認,1560年の勢力と自律性を直接示さない
E010,1560,1560,circa_year,,T05,A27,城下町の叙述,佐渡市計画は1560年頃に河原田本間氏の城下町が築かれたと記す,S27,61頁・河原田の歴史的変遷,検索抄録のみ,本文未取得。軍事指揮・境界を示さない
E011,1473,1600,approx_span,,T07,A29,拠点継続,上ノ国町は勝山館が15世紀後半に築かれ16世紀末まで機能したと記す,S28,第3章3-16～3-17頁,本文確認,終期は概数。発掘編年は1560年一点を確定しない
E012,1551,1551,year,,X02,A29,協定,上ノ国町は蠣崎氏がセタナイのハシタインと知内のチコモタインとの交易協定を結んだと記す,S28,第3章3-16頁・夷狄商舶往還法度の節,本文確認,1551年の関係。アイヌ諸集団への軍事的支配を意味しない
E013,,,undated,,T07,,考古遺構,勝山館の発掘でアイヌ墓と和人墓が確認された,S28,第3章3-16～3-17頁,本文確認,各墓の埋葬年は未特定。軍事主体の識別根拠ではない
E014,1536,1562,approx_span,,T09,A30,城館保持,志布志市は豊州家島津氏が1536年から1562年まで志布志城を保持したと記す,S32,豊州家在城の節,本文確認,始期はS33の1538年と異なる。1560年を挟む在城は一致
E015,1558,1562,approx_span,,R14,A23,継続的攻撃,志布志市は肝付氏が1558年以降志布志城を繰り返し攻撃し1562年に落としたと記す,S32,肝付氏の攻撃の節,本文確認,1560年の個々の交戦日・占有域は未確認
E016,1538,1562,approx_span,,T09,A30,城館保持,志布志市の考古資料は豊州家島津氏の志布志支配を1538年から1562年と記す,S33,PDF12～13頁,本文確認,S32の始期1536年との差は未解決。終期と1560年の在城は一致
E017,1557,1557,year,,T08,A20,城郭攻略,姶良市は島津勢の蒲生城攻略と西大隅平定を1557年と記す,S34,1557年蒲生城の節,本文確認,広い西大隅平定という表現を1560年の全域軍事支配へ転換しない
E018,1554,1554,year,,T11,A20,城郭攻略,姶良市は島津勢が1554年に岩剣城を攻略したと記す,S35,岩剣城跡の節,本文確認,1554年の城郭攻略。1560年の保持を直接示さない
E019,,,undated,,R16,A21,旧国所属,伊佐市は菱刈地域を歴史的な大隅国の一部として記す,S36,市の沿革,本文確認,地理的所属のみで軍事影響は示さない
E020,,,undated,,R16,A21,史料中の地名,菱刈関係文書の翻刻に大隅國菱刈院の表記がある,S37,菱刈院の表記箇所,本文確認,史料の年代と1560年の軍事的地位を混同しない
E021,1558,1558,year,,R18,A31,交戦記録,後代編纂の地誌備考は1558年に北郷氏と肝付氏が恒吉周辺で交戦したと記す,S38,PDF52頁,本文確認,原史料・記事成立時期未照合。1560年の勢力範囲には直結しない
E022,,,undated,,T10,A23,本拠の通史記述,志布志市の考古資料は高山城を肝付氏の本拠と記す,S33,PDF15頁・肝付兼続の節,本文確認,1560年の占有・兵力・支配域を直接証明しない
E023,,,undated,,R14,,旧国所属,鹿児島県教育資料は現在の志布志市周辺を旧日向国諸県郡と記す,S41,PDF34頁・明治期の国郡区分,本文確認,現代の鹿児島県所属を1560年の大隅国所属へ遡及しない
E024,1363,1363,year,,P65,,政治的権原,鹿児島県の解説は1363年に島津貞久が氏久へ大隅国守護職を譲ったと記す,S13,島津家の内紛・三州の統一の節,本文確認,14世紀の守護職の説明。1560年の権原継続や軍事支配を証明しない
