place_id,parent_id,name,place_type,route
JP,,日本,country,
P01,JP,山城,province,畿内
P02,JP,大和,province,畿内
P03,JP,河内,province,畿内
P04,JP,和泉,province,畿内
P05,JP,摂津,province,畿内
P06,JP,伊賀,province,東海道
P07,JP,伊勢,province,東海道
P08,JP,志摩,province,東海道
P09,JP,尾張,province,東海道
P10,JP,三河,province,東海道
P11,JP,遠江,province,東海道
P12,JP,駿河,province,東海道
P13,JP,甲斐,province,東海道
P14,JP,伊豆,province,東海道
P15,JP,相模,province,東海道
P16,JP,武蔵,province,東海道
P17,JP,安房,province,東海道
P18,JP,上総,province,東海道
P19,JP,下総,province,東海道
P20,JP,常陸,province,東海道
P21,JP,近江,province,東山道
P22,JP,美濃,province,東山道
P23,JP,飛騨,province,東山道
P24,JP,信濃,province,東山道
P25,JP,上野,province,東山道
P26,JP,下野,province,東山道
P27,JP,陸奥,province,東山道
P28,JP,出羽,province,東山道
P29,JP,若狭,province,北陸道
P30,JP,越前,province,北陸道
P31,JP,加賀,province,北陸道
P32,JP,能登,province,北陸道
P33,JP,越中,province,北陸道
P34,JP,越後,province,北陸道
P35,JP,佐渡,province,北陸道
P36,JP,丹波,province,山陰道
P37,JP,丹後,province,山陰道
P38,JP,但馬,province,山陰道
P39,JP,因幡,province,山陰道
P40,JP,伯耆,province,山陰道
P41,JP,出雲,province,山陰道
P42,JP,石見,province,山陰道
P43,JP,隠岐,province,山陰道
P44,JP,播磨,province,山陽道
P45,JP,美作,province,山陽道
P46,JP,備前,province,山陽道
P47,JP,備中,province,山陽道
P48,JP,備後,province,山陽道
P49,JP,安芸,province,山陽道
P50,JP,周防,province,山陽道
P51,JP,長門,province,山陽道
P52,JP,紀伊,province,南海道
P53,JP,淡路,province,南海道
P54,JP,阿波,province,南海道
P55,JP,讃岐,province,南海道
P56,JP,伊予,province,南海道
P57,JP,土佐,province,南海道
P58,JP,筑前,province,西海道
P59,JP,筑後,province,西海道
P60,JP,豊前,province,西海道
P61,JP,豊後,province,西海道
P62,JP,肥前,province,西海道
P63,JP,肥後,province,西海道
P64,JP,日向,province,西海道
P65,JP,大隅,province,西海道
P66,JP,薩摩,province,西海道
P67,JP,壱岐,province,西海道
P68,JP,対馬,province,西海道
X01,JP,琉球,external_region,旧国体系外
X02,JP,蝦夷地,external_region,旧国体系外
R01,P13,甲府周辺,historical_region,
T01,R01,躑躅ヶ崎館,stronghold,
R02,P09,桶狭間周辺,historical_region,
R03,P10,岡崎周辺,historical_region,
T02,R03,法蔵寺,site,
R04,P21,江北,historical_region,
R05,P21,江南,historical_region,
T03,R04,小谷城,stronghold,
T04,R05,観音寺城,stronghold,
R06,P35,河原田周辺,historical_region,
R07,P35,羽茂周辺,historical_region,
R08,P35,久知周辺,historical_region,
T05,R06,河原田城,stronghold,
T06,R07,羽茂城,stronghold,
R09,X02,上ノ国周辺,historical_region,
R10,X02,松前周辺,historical_region,
R11,X02,セタナイ周辺,historical_region,
R12,X02,知内周辺,historical_region,
T07,R09,勝山館,stronghold,
R13,P65,西大隅・蒲生周辺,historical_region,
R14,P64,志布志城周辺,historical_region,
R15,P65,高山城周辺,historical_region,
R16,P65,菱刈院周辺,historical_region,
R18,P65,恒吉周辺,historical_region,
R19,P18,久留里城周辺,historical_region,
T08,R13,蒲生城,stronghold,
T09,R14,志布志城,stronghold,
T10,R15,高山城,stronghold,
T11,R13,岩剣城,stronghold,
R20,P03,飯盛城周辺,historical_region,
R21,P33,富山城周辺,historical_region,
R22,P19,香取周辺,historical_region,
R23,R04,野良田表周辺,historical_region,
