source_id,category,author_editor,title,publisher_journal,volume,year,locator,url,doi,ndl_id,cinii_id,accessed,review_scope
S01,研究機関・博物館等,国立国会図書館,旧国名,国立国会図書館,,不明,1頁,https://dl.ndl.go.jp/static/files/kyukokumei.pdf,,, ,2026-09-26,本文確認。明治以後の奥羽分国名を含むため1560年へは補正
S02,自治体史・地域史,広島県立文書館,広島県史年表 中世 1180～1600,広島県,,不明,55頁・1560年,https://www.pref.hiroshima.lg.jp/soshiki_file/monjokan/nenpyou/nenpyou-cyusei2.pdf,,,,2026-09-26,1560年欄を確認。原史料への照合は未了
S03,研究機関・博物館等,愛知県公文書館,愛知の歴史資料,愛知県公文書館,,不明,1560年欄,https://kobunshokan.pref.aichi.jp/vr_archive/history/,,,,2026-09-26,1560年欄を確認
S04,研究機関・博物館等,小川雄,水野氏からみた尾張・三河の戦国時代,武蔵野大学連続講座概要,,2019,2頁,https://www.musashino-u.ac.jp/mu/lifelong/316/chiyoda_316011.pdf,,,,2026-09-26,講座概要のみ。研究本文は未確認
S05,研究機関・博物館等,滋賀県,史跡観音寺城跡の調査と整備,滋賀県,,不明,六角氏・観音寺城の節,https://www.pref.shiga.lg.jp/sd00/2592.html,,,,2026-09-26,本文確認。1560年の境界は示さない
S06,研究機関・博物館等,滋賀県教育委員会,近江の戦国時代②,滋賀県,,不明,鎌刃城跡の項,https://www.pref.shiga.lg.jp/file/attachment/2042274.pdf,,,,2026-09-26,公開PDFの該当記述確認。刊行年は未確定
S07,研究機関・博物館等,岐阜県,江馬氏城館跡,岐阜県,,不明,江馬氏の説明,https://www.pref.gifu.lg.jp/page/366342.html,,,,2026-09-26,本文確認。出自・系譜の不明点も記載
S08,自治体史・地域史,宮村史編纂委員会,宮村史 通史編一,宮村,,不明,267～271頁の目次,https://www.library.pref.gifu.lg.jp/gifuken-mokuji/takayama/miyasonshi_tsushi_1.html,,,,2026-09-26,目次のみ確認。本文未読
S09,研究機関・博物館等,秋田県,公文書館だより 第37号,秋田県公文書館,37,2021,安東氏の説明,https://www.pref.akita.lg.jp/uploads/public/archive_0000000397_00/%E7%AC%AC37%E5%8F%B7%EF%BC%88%E4%BB%A4%E5%92%8C3%E5%B9%B46%E6%9C%88%E7%99%BA%E8%A1%8C%EF%BC%89.pdf,,,,2026-09-26,公開本文の該当箇所確認。1560年の自律性は未確認
S10,研究機関・博物館等,新潟県,県の歴史,新潟県,,不明,上杉謙信の項,https://www.pref.niigata.lg.jp/site/kodomo/1356778597824.html,,,,2026-09-26,本文確認。1561年以前は長尾景虎の名を使用
S11,研究機関・博物館等,島根県,誕生までのあらまし,島根県,,不明,尼子氏の出現,https://www.pref.shimane.lg.jp/admin/seisaku/koho/profile/aramasi.html,,,,2026-09-26,本文確認。1560年の詳細範囲は示さない
S12,研究機関・博物館等,高知県,長宗我部元親と土佐の戦国時代・土佐の七雄,高知県,,2016,土佐の七雄の各項,https://www.pref.kochi.lg.jp/doc/kanko-chosogabe-shichiyu/,,,,2026-09-26,本文確認。多くは広い戦国期の記述で1560年同時点の照合未了
S13,研究機関・博物館等,鹿児島県歴史・美術センター黎明館,島津家の内紛・三州の統一,鹿児島県,,2012,1550年の勢力と1574・1577年の節,https://www.pref.kagoshima.jp/ab23/pr/gaiyou/rekishi/tyuusei/sansyu.html,,,,2026-09-26,本文確認。1550年を1560年と同一視しない
S14,研究書,平山優,戦国大名と国衆,KADOKAWA,角川選書611,2018,書誌・内容紹介のみ,https://ci.nii.ac.jp/ncid/BB27492155,,,,2026-09-26,書誌のみ。個別判定の根拠には未使用
S15,研究書,編集者未確認,戦国時代の大名と国衆 支配・従属・自立のメカニズム,戎光祥出版,戎光祥中世史論集7,2018,書誌・目次のみ,https://ci.nii.ac.jp/ncid/BB27292961,,,BB27292961,2026-09-26,書誌のみ。個別判定の根拠には未使用
S16,学術論文・紀要,田中聡,南北朝・室町期における佐渡守護と本間氏,新潟史学会,新潟史学66号1～21頁,2011,書誌のみ,https://cir.nii.ac.jp/crid/1520009407503005952,,023441001,1520009407503005952,2026-09-26,書誌のみ。1560年の本間氏分立判定に未使用
S17,一次史料の翻刻・資料集,下出積与 編著,佐渡本間遺文桜井家文書,瑞雲泉業,632頁,1966,書誌のみ,https://ndlsearch.ndl.go.jp/books/R100000039-I2973491,10.11501/2973491,000001081338,,2026-09-26,書誌のみ。デジタル本文は個人送信・館内限定のため未読
S18,学術論文・紀要,田中聡,佐渡中世史の再検討--本間氏を中心に,新潟県立文書館研究紀要,6号40～72頁,1999,書誌のみ,https://ndlsearch.ndl.go.jp/books/R000000004-I5444662,,5444662,,2026-09-26,書誌のみ。個人送信・館内限定のため本文未読
S19,研究機関・博物館等,宮城県図書館,宮城県の旧国名について,レファレンス協同データベース,,2010,回答の資料1・2,https://crd.ndl.go.jp/reference/entry/index.php?id=1000072218&page=ref_view,,,,2026-09-26,回答本文確認。陸奥・出羽の歴史的区分の照合に使用
S20,研究機関・博物館等,福島県立図書館,陸奥国が岩代・磐城の国になった年代,レファレンス協同データベース,,2007,回答の1項,https://crd.ndl.go.jp/reference/entry/reference/show?id=1000038375&page=ref_view,,,,2026-09-26,回答本文確認。奥羽の明治以後の分国を1560年へ遡らせないために使用
S21,研究機関・博物館等,秋田県教育委員会,令和3年第2回教育委員会会議報告事項,秋田県教育委員会,,2021,資料内8頁・中世の項,https://www.pref.akita.lg.jp/uploads/public/archive_0000056109_00/210210_siryou55.pdf,,,,2026-09-26,本文確認。檜山と湊の対立および1577年までの統合を記す
S22,文化財解説,山梨県,山梨の文化財ガイド 武田氏館跡,山梨県,,不明,武田氏館跡の項,https://www.pref.yamanashi.jp/bunka/maibun/yamanashinobunkazai_sb0003.html,,,,2026-09-26,本文確認。1519年築造と三代63年間の居館を記す。E004・C029
S23,一次史料の解説,岡崎市,松平蔵人佐元康制札,岡崎市,,不明,永禄3年7月9日付制札の項,https://www.city.okazaki.lg.jp/bunka/torikumi_bunka/1004568/1004592/1004699/1004701.html,,,,2026-09-26,現存史料の画像と解説本文を確認。翻刻全文は未確認。E006・C004
S24,自治体史・地域史,岡崎市,岡崎市の歴史的風致形成の背景,岡崎市,,不明,第1章・西三河と桶狭間の節,https://www.city.okazaki.lg.jp/public/001/p044413_d/fil/2025112503-2.pdf,,,,2026-09-26,検索抄録のみ。本文PDF未取得。今川支配と元康帰城の叙述。E005・C003・C004
S25,文化財解説,滋賀県,小谷城跡,滋賀県,,不明,野良田合戦と浅井氏の節,https://www.pref.shiga.lg.jp/file/attachment/4035617.pdf,,,,2026-09-26,検索抄録のみ。本文PDF取得不可。1560年野良田合戦後の江北支配の解説。E007・C009
S26,文化財解説,佐渡市,羽茂城跡,佐渡市,,不明,羽茂本間氏の項,https://www.city.sado.niigata.jp/site/bunkazai/5182.html,,,,2026-09-26,本文確認。1510～1550年頃の勢力と1589年の落城を記す。E009・C031
S27,自治体史・地域史,佐渡市,佐渡市歴史文化基本構想,佐渡市,,不明,61頁・河原田の歴史的変遷,https://www.city.sado.niigata.jp/uploaded/attachment/15180.pdf,,,,2026-09-26,検索抄録のみ。PDF容量上限で本文未取得。1560年頃の城下町の記述。E010・C030
S28,発掘調査・保存計画,上ノ国町,史跡上之国館跡の概要,上ノ国町,,不明,第3章3-16～3-17頁,https://www.town.kaminokuni.lg.jp/hotnews/files/00002600/00002649/%E7%AC%AC%EF%BC%93%E7%AB%A0.pdf,,,,2026-09-26,本文確認。勝山館の継続と1551年の協定およびアイヌ墓を記す。E011～E013・C032
S29,学術論文・紀要,永井邦仁,豊明市大脇城遺跡の検討 桶狭間の戦いと梶川五左衛門屋敷,愛知県埋蔵文化財センター研究紀要,25,2024,29～40頁・書誌と抄録のみ,https://cir.nii.ac.jp/crid/1390300556442151168,10.24484/sitereports.139799-123063,,1390300556442151168,2026-09-26,書誌・抄録のみ。水野氏関係の検証候補。個別判定根拠には未使用
S30,博物館資料紹介,山梨県立博物館,博物館の資料に見る風林火山の世界,山梨県立博物館,,不明,武田晴信書状・小山田氏の説明,https://www.museum.pref.yamanashi.jp/3nd_furinkazan_02shingen.htm,,,,2026-09-26,検索抄録のみ。小山田氏を介した返答の書状を紹介。年次未確認で判定根拠には未使用
S31,自治体文化財資料,山梨県,戦国武田氏を支えた伝説の金山,山梨県,,不明,河内領・穴山氏の節,https://www.pref.yamanashi.jp/documents/99115/yamanashishiromap3-1-9.pdf,,,,2026-09-26,検索抄録のみ。穴山氏の領主・家臣関係の概説。1560年判定根拠には未使用
S32,自治体史・地域史,志布志市,志布志城の歴史,志布志市,,不明,豊州家の保持・肝付氏の攻撃・1562年の落城,https://www.city.shibushi.lg.jp/soshiki/22/1520.html,,,,2026-09-26,本文確認。取得始期を1536年と記す。E014・E015・C033・C034
S33,自治体考古資料,志布志市埋蔵文化財センター,志布志城跡リーフレット（城主編）,志布志市,,不明,PDF1頁・13頁・15頁。豊州家の在城と肝付氏の高山城,https://www.city.shibushi.lg.jp/uploaded/attachment/4479.pdf,,,,2026-09-26,本文確認。取得始期を1538年と記す。S32と差がある。E016・E022・C026・C033
S34,自治体文化財解説,姶良市,島津義弘公没後400年,姶良市,,不明,1557年蒲生城攻略と西大隅平定の記述,https://www.city.aira.lg.jp/hisho/closeup/yoshihirokou_close-up.html,,,,2026-09-26,本文確認。西大隅平定は自治体の広い表現で1560年全域支配の証明ではない。E017・C035
S35,自治体文化財解説,姶良市,史跡,姶良市,,不明,岩剣城の1554年落城と平松城・加治木肝付氏,https://www.city.aira.lg.jp/bunkazai/kanko/bunka/bunkazai/shisiteisiseki.html,,,,2026-09-26,本文確認。加治木肝付氏の当年独立指揮は未確認。E018・C035
S36,自治体史・地域史,伊佐市,伊佐市概要,伊佐市,,不明,菱刈地域の大隅国所属,https://www.city.isa.kagoshima.jp/politics/about/gaiyou/,,,,2026-09-26,本文確認。旧国所属の訂正のみ。E019・C024
S37,歴史史料翻刻,鹿児島県,菱刈関係文書（旧記雑録拾遺）,鹿児島県,,不明,大隅國菱刈院の表記,https://www.pref.kagoshima.jp/ab23/reimeikan/siroyu/documents/6756_20230112145720-1.pdf,,,,2026-09-26,本文確認。原文書の翻刻による地名。1560年勢力圏の証明ではない。E020・C024
S38,歴史史料編纂,鹿児島県,囎唹郡地誌備考（旧記雑録拾遺）,鹿児島県,,不明,PDF52頁・1558年肝付氏と北郷氏の交戦,https://www.pref.kagoshima.jp/ab23/reimeikan/siroyu/documents/6756_20220408100419-1.pdf,,,,2026-09-26,本文確認。後代編纂記事で当年の同時代原本未照合。E021・C036
S39,自治体史・地域史,鹿屋市,鹿屋風土記,鹿屋市,,2023,書誌・所在のみ,https://www.city.kanoya.lg.jp/documents/9588/kanoyahudokiall_202307.pdf,,,,2026-09-26,PDF本文は今回取得できず。判定根拠には使用しない
S40,学術論文・紀要,大山智美,戦国大名島津氏の権力形成過程―島津貴久の家督継承と官途拝領を中心に―,九州大学学術情報リポジトリ,,2009,CiNii書誌・抄録,https://cir.nii.ac.jp/crid/1390009226833408768,10.15017/4494688,,1390009226833408768,2026-09-26,書誌・抄録のみ。本文未読。政治的権威と軍事実効の追加検証候補
S41,県教育資料,鹿児島県総合教育センター,鹿児島県の歴史概観,鹿児島県総合教育センター,,不明,PDF34頁・日向国諸県郡と現在の志布志市,https://www.edu.pref.kagoshima.jp/curriculum/kyoudo/suisin/kagoshimakenshi.pdf,,,,2026-09-26,本文確認。志布志周辺の旧国所属確認に使用。E023・C033・C034
S42,自治体史,福島市,骨肉の争い 天文の乱,福島市,,不明,天文の乱の節,https://www.city.fukushima.fukushima.jp/soshiki/7/1032/3/1/3/1401.html,,,,2026-09-26,本文確認。1548年までの経過。E025
S43,自治体資料,会津美里町,向羽黒山城跡年表,会津美里町,,不明,1560年の項,https://www.town.aizumisato.fukushima.jp/material/files/group/9/mhy_history.pdf,,,,2026-09-26,検索抄録のみ。PDF本文の該当箇所未確認。E026は要再確認
S44,自治体史,高崎市立図書館,新編高崎市史 資料編4 中世2 目次・年表,高崎市立図書館,,不明,永禄3年9月15日・10月2日の項,https://lib.city.takasaki.gunma.jp/viewer/info.html?g=12&id=110,,,,2026-09-26,年表本文確認。原文書本文は未確認。E027・E028
S45,博物館資料,富山市埋蔵文化財センター,富山城の歴史 戦国時代編2,富山市,,不明,戦国時代編2,https://www.city.toyama.toyama.jp/etc/maibun/toyamajyo/history/sengoku2.htm,,,,2026-09-26,本文確認。E029・E030
S46,自治体解説,岐阜市,岐阜城の歴代城主,岐阜市,,不明,斎藤義龍・斎藤龍興の項,https://www.city.gifu.lg.jp/kankoubunka/kankou/1013051/1005097/1034742/1034737.html,,,,2026-09-26,本文確認。1561年の継承情報。E031
S47,地域史講座,丹波の森協会,平成25年度講座「丹波学」講座記録,公益財団法人丹波の森協会,,2013,PDF15頁・内藤宗勝と波多野氏の節,https://www.tanba-mori.or.jp/wp/wp-content/uploads/h25tnb.pdf,,,,2026-09-26,本文確認。E032
S48,自治体公民館資料,中西厚・吉田誠,上道公民館だより 2024年11月号 郷土史記事,岡山市上道公民館,,2024,PDF3頁・戦国期の上道郡の節,https://www.city.okayama.jp/life/cmsfiles/contents/0000065/65610/joutou11.pdf,,,,2026-09-26,本文確認。1559年宇喜多直家の亀山城取得説に同時代史料がない点も確認。E033
S49,博物館資料,今治市村上海賊ミュージアム,村上海賊とは,今治市,,不明,三家の説明,https://www.city.imabari.ehime.jp/museum/suigun/about/,,,,2026-09-26,本文確認。三家の区別の参考。E034
S50,県文化財資料,愛媛県,能島城跡,愛媛県,,不明,城跡の説明,https://www.pref.ehime.jp/ehimenotakara/375.html,,,,2026-09-26,本文確認。年代幅が広く1560年の在城を直接確認できない。E035
S51,自治体資料,鳥栖市,勝尾城筑紫氏遺跡 案内資料,鳥栖市,,不明,PDF1頁・永禄3年の項,https://www.city.tosu.lg.jp/uploaded/attachment/37559.pdf,,,,2026-09-26,本文確認。E036
S52,自治体史料,佐賀市,佐賀市歴史的風致維持向上計画,佐賀市,,2026,PDF14頁・龍造寺氏の節,https://www.city.saga.lg.jp/site_files/file/2026/202602/p1jgo7jertki9n41pvc1afu1bg75.pdf,,,,2026-09-26,本文確認。肥前の候補確認。E037
S53,地域史講座,丹波の森協会,令和元年度講座「丹波学」講座資料,公益財団法人丹波の森協会,,2019,1559年12月11日の項,https://www.tanba-mori.or.jp/wp/wp-content/uploads/r1_tanbagaku.pdf,,,,2026-09-26,検索抄録のみ。PDFは取得不能。E038は原文書も未確認
S54,自治体文化財計画,大江町,左沢楯山城跡保存管理計画,大江町,,不明,年表・永禄3年の項,https://www.town.oe.yamagata.jp/files/original/20210607094914197c0350026.pdf,,,,2026-09-26,検索抄録のみ。PDF本文未確認。E039は再確認候補
S55,自治体史,鶴岡市,鶴岡市の沿革,鶴岡市,,不明,中世・天文年間の節,https://www.city.tsuruoka.lg.jp/shisei/gaiyo/soumu-gaiyouenkaku.html,,,,2026-09-26,本文確認。E040
S56,博物館研究,千葉市立郷土博物館,館長メッセージ 令和5年度その2,千葉市立郷土博物館,,2023,香取地域への里見氏侵攻の段落,https://www.city.chiba.jp/kyodo/about/message_r5_2.html,,,,2026-09-26,本文確認。E041
S57,自治体史跡解説,長野市,松代城の歴史,長野市,,不明,海津城築城の段落,https://www.city.nagano.nagano.jp/n151100/contents/p006083.html,,,,2026-09-26,本文確認。E042。築城年代に「とされる」の留保
S58,県史年表,福井県文書館,福井県史年表 1541～1560年,福井県文書館,,不明,1556年4月22日・1559年3月23日の項・1560年6月14日の項,https://www.library-archives.pref.fukui.lg.jp/fukui/07/nenpyo/rekishi/chrn23.html,,,,2026-09-26,年表本文確認。E043・E044。列挙された原史料本文は未確認。1560年6月14日の発向記事も確認。主舞台未特定のためEvidence化保留
S59,自治体史,奈良市,奈良町の成立 中世から近世へ,奈良市,,不明,中世～近世略年表1560年の項,https://www.city.nara.lg.jp/site/bunkazai/2331.html,,,,2026-09-26,本文確認。E045。ただしS60と築城年が異なる
S60,自治体講座案内,奈良市,奈良の文化財をもっと知る講座2020 城から見た松永久秀,奈良市,,2020,講座内容・多聞城築城年,https://www.city.nara.lg.jp/site/bunkazai/96637.html,,,,2026-09-26,本文確認。1561年築城と記しS59の1560年と異なる。E045の留保
S61,県文化財資料,岡山県教育委員会,岡山の戦国争乱と城 第3巻 備中国,岡山県,,不明,PDF1頁・3頁の年表,https://www.pref.okayama.jp/uploaded/attachment/403149.pdf,,,,2026-09-26,本文確認。E046・E047
S62,文化財解説,文化庁,勝瑞城館跡,文化遺産オンライン,,不明,遺跡解説・発掘成果,https://online.bunka.go.jp/heritages/detail/140094,,,,2026-09-26,本文確認。E048。現在の勝瑞城跡は約1580年築城
S63,自治体考古報告,宇土市,宇土市博物館公開の発掘調査報告（書名未確認）,宇土市,,不明,豊福領・名和氏と相良氏の節,https://www.city.uto.lg.jp/museum/d?q=616115cf1d97c6c.pdf,,,,2026-09-26,検索抄録のみ。PDF本文・書名未確認。E049は再確認候補
S64,自治体史,人吉市,人吉市の概要,人吉市,,不明,相良氏の統治と城下町の節,https://www.city.hitoyoshi.lg.jp/shisei/yokoso_hitoyoshi/gaiyo_access/20003,,,,2026-09-26,本文確認。年代の特定なし。主体候補の入口
S65,自治体文化財資料,藍住町教育委員会,史跡勝瑞城館跡 発掘調査報告書 第1集,藍住町教育委員会,,不明,三好実休と1562年久米田合戦の節,https://sitereports.nabunken.go.jp/files/attach/42/42657/94630_1_%E5%8F%B2%E8%B7%A1%E5%8B%9D%E7%91%9E%E5%9F%8E%E9%A4%A8%E8%B7%A1.pdf,,,,2026-09-26,検索抄録のみ。PDF本文未確認。E050は再確認候補
S66,自治体史,佐倉市,戦国乱世の佐倉に関わった人物,佐倉市,,不明,千葉胤冨の項,https://www.city.sakura.lg.jp/soshiki/bunkaka/bunkazai/jinbutsu/5732.html,,,,2026-09-26,本文確認。1560年正木氏の香取侵攻。E051
S67,自治体史,佐野市,戦国武将/佐野昌綱,佐野市,,不明,1560年の家督継承の段落,https://www.city.sano.lg.jp/soshikiichiran/kyouiku/bunkazaika/gyomuannai/4/2/4914.html,,,,2026-09-26,本文確認。1560年の家督継承と年代未特定の攻防を区別
S68,自治体史,館山市,さとみ物語・要約版 4章-2文,館山市,,不明,房越同盟の段落,https://www.city.tateyama.chiba.jp/satomi/youyaku/4shou/4shou_2/4shou_2min.html,,,,2026-09-26,本文確認。1560年5月の久留里城攻撃。原史料未照合
S69,自治体文化財資料,石川県,畠山義総関係文書,石川県,,不明,解説本文,https://www.pref.ishikawa.lg.jp/kyoiku/bunkazai/komonjyo/ken1-11.html,,,,2026-09-26,本文確認。義総期中心で1560年の軍事行動なし
S70,図書館資料,石川県立図書館,畠山義綱,石川県立図書館,,不明,人物解説,https://www.library.pref.ishikawa.lg.jp/shosho/furucolle/list/prsn09922,,,,2026-09-26,本文確認。人物候補を示すが1560年の軍事行動なし
S71,自治体史,京都市,京都のキリシタン遺跡,京都市,,不明,1560年の義輝・三好・松永の段落,https://www2.city.kyoto.lg.jp/html/somu/rekishi/fm/nenpyou/htmlsheet/bunka16.html,,,,2026-09-26,本文確認。1560年の交渉は軍事行動ではない
S72,自治体史,宮津市,みやづ歴史紀行148回,宮津市,,不明,上世屋城と片岡氏の段落,https://www.city.miyazu.kyoto.jp/site/citypro/23594.html,,,,2026-09-26,本文確認。後世編纂物を含み1560年の軍事活動未特定
S73,自治体文化財資料,姫路市,置塩城跡,姫路市,,不明,歴代城主の段落,https://www.city.himeji.lg.jp/kanko/0000001839.html,,,,2026-09-26,本文確認。築城と歴代居城の通史で1560年の当主・軍事行動未特定
S74,自治体文化財資料,三木市,三木城跡,三木市,,不明,築城と後年の籠城の段落,https://www.city.miki.lg.jp/site/mikirekishishiryokan/13387.html,,,,2026-09-26,本文確認。1560年の軍事行動未特定
S75,自治体文化財資料,高松市,十河城跡,高松市,,不明,十河家歴代の段落,https://www.city.takamatsu.kagawa.jp/smph/kurashi/kosodate/bunka/bunkazai/shiteibunkazai/shiseki/sogojo.html,,,,2026-09-26,本文確認。一存・存保の時期を1560年に一括しない
S76,自治体文化財資料,久留米市,小川区有中世文書,久留米市,,不明,大友義鎮感状の段落,https://www.city.kurume.fukuoka.jp/1080kankou/2015bunkazai/3010bunkazai/2022-0302-0940-280.html,,,,2026-09-26,本文確認。1559年侍嶋合戦の主戦場は筑前
S77,自治体史,柳川市,柳川城をめぐる,柳川市,,不明,築城者・築城時期の段落,https://www.city.yanagawa.fukuoka.jp/rekishibunka/rekishi/rekishi_yanagawajo.html,,,,2026-09-26,本文確認。蒲池氏の築城者・年次に異説
S78,考古資料,高松市教育委員会,勝賀城跡III,高松市教育委員会,,不明,検索抄録の永禄3年の箇所,https://sitereports.nabunken.go.jp/files/attach/56/56255/132811_1_%E5%8B%9D%E8%B3%80%E5%9F%8E%E8%B7%A1III.pdf,,,,2026-09-26,検索抄録のみ。PDF本文取得時429。1560年の香川氏攻めは未確認候補
S79,自治体史・文化財・県史,大東市,飯盛城について,大東市,,不明,歴史の節,https://www.city.daito.lg.jp/site/history/2761.html,,,,2026-09-27,本文確認。1560年の三好長慶による安見氏駆逐と飯盛城入城
S80,自治体史・文化財・県史,岸和田市,岸和田を巡る武将たちの攻防,岸和田市,,不明,三好一族が登場する久米田池周辺の戦い,https://www.city.kishiwada.lg.jp/kinenshi/m100th_p10-11.html,,,,2026-09-27,本文確認。1561年以降の岸和田城包囲と1562年久米田合戦
S81,自治体史・文化財・県史,高槻市,続日本100名城 芥川山城跡,高槻市,,不明,三好長慶と芥川山城の節,https://www.city.takatsuki.osaka.jp/site/history/4622.html,,,,2026-09-27,本文確認。1560年の長慶転出と義興による城・家督継承。軍事指揮と摂津全域は示さない
S82,自治体史・文化財・県史,三重県,三重県の歴史年表 室町・戦国時代,三重県,,不明,1560年と永禄8年が併記された伊賀惣国一揆掟書の行,https://www.bunka.pref.mie.lg.jp/rekishi/45560013067.htm,,,,2026-09-27,本文確認。年と元号が矛盾するため年代確定に不使用
S83,自治体史・文化財・県史,三重県,伊勢国司北畠氏の特徴,三重県,,不明,北畠氏と南伊勢五郡の段落,https://www.bunka.pref.mie.lg.jp/rekishi/kenshi/asp/Q_A/detail118.html,,,,2026-09-27,本文確認。通史的な勢力範囲で1560年の軍事行動ではない
S84,自治体史・文化財・県史,三重県,海賊から大名になった九鬼氏の盛衰,三重県,,不明,九鬼氏と志摩の水軍の段落,https://www.bunka.pref.mie.lg.jp/rekishi/kenshi/asp/arekore/detail68.html,,,,2026-09-27,本文確認。九鬼氏の通史で1560年の個別行動なし
S85,自治体史・文化財・県史,浜松市,二俣城跡及び鳥羽山城跡,浜松市,,不明,概要の節,https://www.city.hamamatsu.shizuoka.jp/bunkazai/news/documents/hutamatatobayama.html,,,,2026-09-27,本文確認。二俣城の本格造営は桶狭間後とみられるが年内特定なし
S86,自治体史・文化財・県史,静岡市,駿府の今川氏,静岡市,,不明,10代義元・11代氏真の節,https://www.city.shizuoka.lg.jp/s6725/s012154.html,,,,2026-09-27,本文確認。義元戦死と氏真の継承を記すが駿河内の軍事行動は未確認
S87,自治体史・文化財・県史,伊豆の国市,伊豆の国市の歴史・文化,伊豆の国市,,不明,韮山城の記述,https://www.city.izunokuni.shizuoka.jp/kankou/kanko/history.html,,,,2026-09-27,本文確認。韮山城の通史のみで1560年軍事行動なし
S88,自治体史・文化財・県史,小田原市,北条氏五代100年の歴史,小田原市,,不明,1560年・1561年の年表行,https://www.city.odawara.kanagawa.jp/kanko/hojo/p09347.html,,,,2026-09-27,本文確認。1560年は家督譲渡、1561年が小田原攻め
S89,自治体史・文化財・県史,さいたま市立博物館,展示web解説 中世その1,さいたま市立博物館,,不明,太田資正と永禄3年の段落,https://www.city.saitama.lg.jp/004/005/004/005/008/shihakukaisetsu/p113258.html,,,,2026-09-27,本文確認。1560年の太田資正の後北条離反を確認
S90,自治体史・文化財・県史,つくば市,郷土の歴史,つくば市,,不明,郷土の歴史-中世の節,https://www.city.tsukuba.lg.jp/kankobunka/bunka/rekishi/1001641.html,,,,2026-09-27,本文確認。小田城の通史。手這坂の合戦は後年で1560年に転用しない
S92,自治体史・文化財・県史,石川県,無限庵御殿・本願寺金沢別院本堂・経蔵・鐘楼,石川県,,不明,金沢御堂の解説,https://www.pref.ishikawa.lg.jp/kyoiku/bunkazai/kenzoubutu/k-17.html,,,,2026-09-27,本文確認。1546年創建・1580年攻略の通史で1560年行動なし
S93,自治体史・文化財・県史,兵庫県立歴史博物館,但馬竹田城,兵庫県立歴史博物館,,不明,太田垣氏の旧城の段落,https://rekihaku.pref.hyogo.lg.jp/castle/takeda/,,,,2026-09-27,本文確認。山名氏と太田垣氏の関係は通史。1560年軍事行動なし
S94,自治体史・文化財・県史,鳥取市,鳥取市のなりたちとあゆみ,鳥取市,,不明,因幡山名氏・久松山麓の段落,https://www.city.tottori.lg.jp/page/1105.html,,,,2026-09-27,本文確認。1540年代の築城経緯と後年の鳥取城。1560年行動なし
S95,自治体史・文化財・県史,鳥取県公文書館,第41回県史だより,鳥取県公文書館,,不明,日野衆と1562年・1569年の段落,https://www.pref.tottori.lg.jp/120131.htm,,,,2026-09-27,本文確認。1562年以降の動向を1560年へ遡及しない
S96,自治体史・文化財・県史,隠岐の島町,国府尾城跡活用整備の検討にかかる報告書,隠岐の島町,,不明,検索抄録・第2節文献調査,https://www.town.okinoshima.shimane.jp/www/contents/1688348050688/simple/kounoo2023-5.pdf,,,,2026-09-27,検索抄録のみ。PDF本文未確認。永禄年間の伝承と文書の照合が必要
S97,自治体史・文化財・県史,岡山県古代吉備文化財センター,平成27年度,岡山県古代吉備文化財センター,,不明,美作東部の城館調査の段落,https://www.pref.okayama.jp/site/kodai/628849.html,,,,2026-09-27,本文確認。1560年尼子晴久死去を境とする説明で年内の在地軍事行動なし
S98,自治体史・文化財・県史,三次市,三次市の歴史,三次市,,不明,中世の節,https://www.city.miyoshi.hiroshima.jp/soshiki/49/3521.html,,,,2026-09-27,本文確認。備後北部の和智・江田・三吉氏と周辺大名の通史で1560年の軍事行動は未特定
S99,自治体史・文化財・県史,山口県,大内氏関係年表,山口県,,不明,1557年・1560年の行,https://bunkazai.pref.yamaguchi.lg.jp/support/theme/oouti/onen.html,,,,2026-09-27,本文確認。1557年の毛利氏による周防長門掌握を1560年の軍事行動としない
S101,自治体史・文化財・県史,和歌山県教育委員会,当地における発掘調査,和歌山県教育委員会,,不明,根来寺遺跡の年代の節,https://www.pref.wakayama.lg.jp/prefg/500700/kenkaigijido/d00155483.html,,,,2026-09-27,本文確認。15世紀末～1585年の寺院遺構で1560年軍事行動を示さない
S102,自治体史・文化財・県史,洲本市,洲本城跡,洲本市,,不明,洲本城跡についての節,https://www.city.sumoto.lg.jp/site/tunagarumachi/16885.html,,,,2026-09-27,本文確認。1526年築城伝承と後年の石垣を区別
S103,自治体史・文化財・県史,北九州市,平野文書,北九州市,,不明,文書群の概要,https://www.city.kitakyushu.lg.jp/contents/02100183.html,,,,2026-09-27,本文確認。文書群の期間は1330～1568年だが1560年軍事事実を特定しない
S104,自治体史・文化財・県史,大分県,BVNGO大友資料館のご紹介,大分県,,不明,豊後府内・大友氏の段落,https://www.pref.oita.jp/site/maizobunka/bvngo-otomo.html,,,,2026-09-27,本文確認。大友氏の拠点を示すが1560年軍事行動なし
S105,自治体史・文化財・県史,壱岐市,壱岐市歴史文化基本構想,壱岐市,,不明,検索抄録・壱岐の戦国期と勝本城の節,https://www.city.iki.nagasaki.jp/material/files/group/27/kihonkousou01.pdf,,,,2026-09-27,検索抄録のみ。PDF本文未確認。1591年勝本城築城を1560年へ転用しない
S106,自治体史・文化財・県史,対馬市,対馬歴史人物伝 宗義調,対馬市,,不明,15頁・宗義調の節,https://www.city.tsushima.nagasaki.jp/material/files/group/70/202112kouhou.pdf,,,,2026-09-27,PDF本文確認。宗義調の家督相続と倭寇討伐の叙述はあるが1560年の島内軍事行動は未記載
S107,自治体史・文化財・県史,隠岐の島町教育委員会,国府尾城跡活用整備の検討にかかる報告書 第1分冊,隠岐の島町教育委員会,,不明,本文5頁・国府尾城跡の歴史的環境,https://www.town.okinoshima.shimane.jp/www/contents/1688348050688/simple/kounoo2023-1.pdf,,,,2026-09-27,本文確認。隠岐氏と尼子氏の被官関係を概説するが成立・終了年および1560年の軍事指揮を示さない
S108,自治体史・文化財・県史,上ノ国町教育委員会,北の中世を旅する,上ノ国町,,不明,1514年の蠣崎光広と安東氏の段落,https://www.town.kaminokuni.lg.jp/hotnews/detail/00000294.html,,,,2026-09-27,本文確認。1514年の光広への代官認定。季広への1560年の指揮権継続は未確認
S109,自治体史・文化財・県史,志布志市,志布志城1536 解説,志布志市,,不明,志布志城1536の節,https://www.city.shibushi.lg.jp/soshiki/22/22213.html,,,,2026-09-27,本文確認。1536年の豊州家と貴久側の対立を示すが1560年へ延長できない
S110,自治体史・文化財・県史,館山市,さとみ物語 完全版4章2文,館山市,,不明,房越同盟の段落,https://www.city.tateyama.chiba.jp/satomi/kanzenban/kan_4shou/k4shou_2/k4shou_2min.html,,,,2026-09-27,本文確認。1560年の久留里攻防、正木時茂の仲介、越後勢への出陣要請を記す。個別軍事指揮は未確認
S111,自治体史・文化財・県史,長浜市,浅井氏関係年表を含む小谷城跡資料,長浜市,,不明,33-34頁・表6・永禄3年8月中旬,https://www.city.nagahama.lg.jp/cmsfiles/contents/0000000/285/20140523-151329.pdf,,,,2026-09-27,本文確認。浅井賢政と六角義賢の野良田表の交戦を記す。江濃記からの編纂年表
S112,研究機関・博物館等,千葉市立郷土博物館,研究員の部屋・中島城と野尻宿,千葉市,,不明,中島城の節・永禄3年10月の段落,https://www.city.chiba.jp/kyodo/katsudo/kenkyuin.html,,,,2026-09-27,本文確認。1560年10月の香取侵攻で正木氏を主力と記すが個別の枝や指揮者は未特定
S113,自治体史・文化財・県史,志布志市教育委員会,志布志城跡Ⅱ 内城跡第1・2次調査,志布志市教育委員会,,2008,PDF8-9頁・印刷3-4頁,https://sitereports.nabunken.go.jp/files/attach/46/46177/43597_1_%E5%BF%97%E5%B8%83%E5%BF%97%E5%9F%8E%E8%B7%A1.pdf,,,,2026-09-27,本文確認。年表は1560年退去・肝付良兼入城と記すが同書本文は1562年攻略と記す。年表の当該行に個別典拠なし
